voltage,current,resistance
6,2.0,3.0
3,1.0,3.0
1,0.3,3.3333333333333335
4,1.2,3.3333333333333335
